<assembly xmlns="http://maven.apache.org/plugins/maven-assembly-plugin/assembly/1.1.0"
  xmlns:xsi="http://www.w3.org/2001/XMLSchema-instance"
  xsi:schemaLocation="http://maven.apache.org/plugins/maven-assembly-plugin/assembly/1.1.0 http://maven.apache.org/xsd/assembly-1.1.0.xsd">
  <id>1.0</id>
  <formats>
    <format>zip</format>
  </formats>
  <includeBaseDirectory>true</includeBaseDirectory>
  <dependencySets>
    <dependencySet>
      <outputDirectory>/lib</outputDirectory>
      <excludes>
        <exclude>com.st:purge</exclude>
      </excludes>
    </dependencySet>
  </dependencySets>
  <fileSets>
    <fileSet>
      <directory>target</directory>
      <outputDirectory>/lib</outputDirectory>
      <includes>
        <include>*.jar</include>
      </includes>
    </fileSet>
    <fileSet>
      <directory>src/main/assembly/bin</directory>
      <outputDirectory>/bin</outputDirectory>
      <includes>
        <include>*.bat</include>
        <include>*.sh</include>
        <include>*.rename</include>
      </includes>
    </fileSet>
    <fileSet>
      <directory>conf</directory>
      <outputDirectory>/conf</outputDirectory>
      <includes>
        <include>*.xml</include>
        <include>*.properties</include>
      </includes>
    </fileSet>
  </fileSets>
</assembly>
