<?xml version="1.0" encoding="UTF-8"?>
<!-- @(#) $Rev: 6594 $ $Date: 2011-10-13 16:32:28 +0700 (Thu, 13 Oct 2011) $  $Author: CYBERSOFT\trungtb $  -->
<configuration>
    <parameter name="ConfigFolder" value="/usr/home/gcsadmin/scc/share-config/" description="This folder contains all shared-configuration file"/>
    <parameter name="SCCFolders" type="sharedFile" value="scc-folders.xml" description="access to XMLFolder, XMLArchiveFolder and XMLErrorFolder"/>
    <parameter name="Version" type="sharedFile" value="version.properties" description="This value is not reloaded"/>
    <parameter name="APCD" type="sharedFile" value="apcd-config.xml"/>
    <parameter name="SCCDB" type="localFile" value="hibernate-scc.cfg.xml" description="This value is not reloaded"/>
    <parameter name="WMRDB" type="localFile" value="hibernate-wmr.cfg.xml" description="This value is not reloaded"/>
    <parameter name="IntervalTime" value="10" description="Interval time of monitoring folder. Unit is second. This value is not reloaded"/>

    <!--USERS DO NOT EDIT THESE VALUES-->
    <!-- Number times try to analysis when failed.-->
    <parameter name="analysis-retry-time" value="10" description="number of retry times if error occurs while analyzing. This value is not reloaded"/>
    <!-- Fixed delay time for scheduler, time unit is second-->
    <parameter name="analysis-delay-time" value="60" description="interval time between 2 retry times. Unit is second. This value is not reloaded"/>
</configuration>
