<RecordList>
	<Record name="ATR">
		<Fields>MOD_TIM,CMD_LINE</Fields>
	</Record>
	<Record name="BPS">
		<Fields>SEQ_NAME</Fields>
	</Record>
	<Record name="CDR">
		<Fields>CONT_FLG,CDR_INDX,CHN_NAM,CHN_LEN,SIN_PIN,SOUT_PIN,MSTR_CNT,M_CLKS,SLAV_CNT,S_CLKS,INV_VAL,LST_CNT,CELL_LST</Fields>
	</Record>
	<Record name="CNR">
		<Fields>CHN_NUM,BIT_POS,CELL_NAM</Fields>
	</Record>	
	<Record name="DTR">
		<Fields>TEXT_DAT</Fields>
	</Record>
	<Record name="EPS">
		<Fields></Fields>
	</Record>
	<Record name="FAR">
		<Fields>CPU_TYPE,STDF_VER</Fields>
	</Record>
	<Record name="FTR">
		<Fields>TEST_NUM,HEAD_NUM,SITE_NUM,TEST_FLG,OPT_FLAG,CYCL_CNT,REL_VADR,REPT_CNT,NUM_FAIL,XFAIL_AD,YFAIL_AD,VECT_OFF,RTN_ICNT,PGM_ICNT,RTN_INDX,RTN_STAT,PGM_INDX,PGM_STAT,FAIL_PIN,VECT_NAM,TIME_SET,OP_CODE,TEST_TXT,ALARM_ID,PROG_TXT,RSLT_TXT,PATG_NUM,SPIN_MAP</Fields>
	</Record>
	<Record name="GDR">
		<Fields>FLD_CNT,GEN_DATA</Fields>
	</Record>
	<Record name="GDR.MIR_ADD">
		<Fields>FLD_CNT,GUI_NAM,GUI_REV,CONV_NAM,CONV_REV,TGT_TEMP,TEMP_UNT,OVER_TRV,DRV_NAM,DRV_REV,STDF_IN,STDF_FRM</Fields>
	</Record>
	<Record name="GDR.SDR_HC">
		<Fields>FLD_CNT,HEAD_NUM,SITE_GRP,SITE_CNT,SITE_NUM,HAND_TYP,HAND_ID,CARD_TYP,CARD_ID,LOAD_TYP,LOAD_ID,DIB_TYP,DIB_ID,CABL_TYP,CABL_ID,CONT_TYP,CONT_ID,LASR_TYP,LASR_ID,EXTR_TYP,EXTR_ID</Fields>
	</Record>
	<Record name="GDR.REF_DIE">
		<Fields>FLD_CNT,XREF,YREF,X_COORD,Y_COORD</Fields>
	</Record>
	<Record name="GDR.REF_DIE_XY">
		<Fields>FLD_CNT,XREF,YREF</Fields>
	</Record>
	<Record name="GDR.STDF_FILL">
		<Fields>FLD_CNT,VERSION,COMMAND</Fields>
	</Record>
	<Record name="GDR.DLOG_FILTER">
		<Fields>FLD_CNT,VERSION,COMMAND,NOTE</Fields>
	</Record>
	<Record name="GDR.AUTOMATION">
		<Fields>FLD_CNT,AUTO_NAM,AUTO_VER,TRF_XTRF,SG_STATUS,SG_NAM,SG_REV,API_NAM,API_REV</Fields>
	</Record>
	<Record name="GDR.MERGER">
		<Fields>FLD_CNT,VERSION,COMMAND,OUTPUT,NOTE</Fields>
	</Record>
	<Record name="HBR">
		<Fields>HEAD_NUM,SITE_NUM,HBIN_NUM,HBIN_CNT,HBIN_PF,HBIN_NAM</Fields>
	</Record>
	<Record name="MIR">
		<Fields>SETUP_T,START_T,STAT_NUM,MODE_COD,RTST_COD,PROT_COD,BURN_TIM,CMOD_COD,LOT_ID,PART_TYP,NODE_NAM,TSTR_TYP,JOB_NAM,JOB_REV,SBLOT_ID,OPER_NAM,EXEC_TYP,EXEC_VER,TEST_COD,TST_TEMP,USER_TXT,AUX_FILE,PKG_TYP,FAMLY_ID,DATE_COD,FACIL_ID,FLOOR_ID,PROC_ID,OPER_FRQ,SPEC_NAM,SPEC_VER,FLOW_ID,SETUP_ID,DSGN_REV,ENG_ID,ROM_COD,SERL_NUM,SUPR_NAM</Fields>
	</Record>
	<Record name="MPR">
		<Fields>TEST_NUM,HEAD_NUM,SITE_NUM,TEST_FLG,PARM_FLG,RTN_ICNT,RSLT_CNT,RTN_STAT,RTN_RSLT,TEST_TXT,ALARM_ID,OPT_FLAG,RES_SCAL,LLM_SCAL,HLM_SCAL,LO_LIMIT,HI_LIMIT,START_IN,INCR_IN,RTN_INDX,UNITS,UNITS_IN,C_RESFMT,C_LLMFMT,C_HLMFMT,LO_SPEC,HI_SPEC</Fields>
	</Record>
	<Record name="MRR">
		<Fields>FINISH_T,DISP_COD,USR_DESC,EXC_DESC</Fields>
	</Record>
	<Record name="NMR">
		<Fields>CONT_FLG,NMR_INDX,TOTM_CNT,LOCM_CNT,PMR_INDX,ATPG_NAM</Fields>
	</Record>
	<Record name="PCR">
		<Fields>HEAD_NUM,SITE_NUM,PART_CNT,RTST_CNT,ABRT_CNT,GOOD_CNT,FUNC_CNT</Fields>
	</Record>
	<Record name="PGR">
		<Fields>GRP_INDX,GRP_NAM,INDX_CNT,PMR_INDX</Fields>
	</Record>
	<Record name="PIR">
		<Fields>HEAD_NUM,SITE_NUM</Fields>
	</Record>
	<Record name="PLR">
		<Fields>GRP_CNT,GRP_INDX,GRP_MODE,GRP_RADX,PGM_CHAR,RTN_CHAR,PGM_CHAL,RTN_CHAL</Fields>
	</Record>
	<Record name="PMR">
		<Fields>HEAD_NUM,SITE_NUM,PMR_INDX,CHAN_TYP,CHAN_NAM,PHY_NAM,LOG_NAM</Fields>
	</Record>
	<Record name="PRR">
		<Fields>HEAD_NUM,SITE_NUM,PART_FLG,NUM_TEST,HARD_BIN,SOFT_BIN,X_COORD,Y_COORD,TEST_T,PART_ID,PART_TXT,PART_FIX</Fields>
	</Record>
	<Record name="PSR">
		<Fields>CONT_FLG,PSR_INDX,PSR_NAM,OPT_FLG,TOTP_CNT,LOCP_CNT,PAT_BGN,PAT_END,PAT_FILE,PAT_LBL,FILE_UID,ATPG_DSC,SRC_ID</Fields>
	</Record>
	<Record name="PTR">
		<Fields>TEST_NUM,HEAD_NUM,SITE_NUM,TEST_FLG,PARM_FLG,RESULT,TEST_TXT,ALARM_ID,OPT_FLAG,RES_SCAL,LLM_SCAL,HLM_SCAL,LO_LIMIT,HI_LIMIT,UNITS,C_RESFMT,C_LLMFMT,C_HLMFMT,LO_SPEC,HI_SPEC</Fields>
	</Record>
	<Record name="RDR">
		<Fields>NUM_BINS,RTST_BIN</Fields>
	</Record>
	<Record name="SBR">
		<Fields>HEAD_NUM,SITE_NUM,SBIN_NUM,SBIN_CNT,SBIN_PF,SBIN_NAM</Fields>
	</Record>
	<Record name="SDR">
		<Fields>HEAD_NUM,SITE_GRP,SITE_CNT,SITE_NUM,HAND_TYP,HAND_ID,CARD_TYP,CARD_ID,LOAD_TYP,LOAD_ID,DIB_TYP,DIB_ID,CABL_TYP,CABL_ID,CONT_TYP,CONT_ID,LASR_TYP,LASR_ID,EXTR_TYP,EXTR_ID</Fields>
	</Record>
	<Record name="SSR">
		<Fields>SSR_NAM,CHN_CNT,CHN_LIST</Fields>
	</Record>
	<Record name="STR">
		<Fields>CONT_FLG,TEST_NUM,HEAD_NUM,SITE_NUM,PSR_REF,TEST_FLG,LOG_TYP,TEST_TXT,ALARM_ID,PROG_TXT,RSLT_TXT,Z_VAL,FMU_FLG,MASK_MAP,FAL_MAP,CYC_CNT,TOTF_CNT,TOTL_CNT,CYC_BASE,BIT_BASE,COND_CNT,LIM_CNT,CYC_SIZE,PMR_SIZE,CHN_SIZE,PAT_SIZE,BIT_SIZE,U1_SIZE,U2_SIZE,U3_SIZE,UTX_SIZE,CAP_BGN,LIM_INDX,LIM_SPEC,COND_LST,CYCO_CNT,CYC_OFST,PMR_CNT,PMR_INDX,CHN_CNT,CHN_NUM,EXP_CNT,EXP_DATA,CAP_CNT,CAP_DATA,NEW_CNT,NEW_DATA,PAT_CNT,PAT_NUM,BPOS_CNT,BIT_POS,USR1_CNT,USR1,USR2_CNT,USR2,USR3_CNT,USR3,TXT_CNT,USER_TXT</Fields>
	</Record>
	<Record name="TSR">
		<Fields>HEAD_NUM,SITE_NUM,TEST_TYP,TEST_NUM,EXEC_CNT,FAIL_CNT,ALRM_CNT,TEST_NAM,SEQ_NAME,TEST_LBL,OPT_FLAG,TEST_TIM,TEST_MIN,TEST_MAX,TST_SUMS,TST_SQRS</Fields>
	</Record>
	<Record name="VUR">
		<Fields>UPD_CNT,UPD_NAM</Fields>
	</Record>
	<Record name="WCR">
		<Fields>WAFR_SIZ,DIE_HT,DIE_WID,WF_UNITS,WF_FLAT,CENTER_X,CENTER_Y,POS_X,POS_Y</Fields>
	</Record>
	<Record name="WIR">
		<Fields>HEAD_NUM,SITE_GRP,START_T,WAFER_ID</Fields>
	</Record>
	<Record name="WRR">
		<Fields>HEAD_NUM,SITE_GRP,FINISH_T,PART_CNT,RTST_CNT,ABRT_CNT,GOOD_CNT,FUNC_CNT,WAFER_ID,FABWF_ID,FRAME_ID,MASK_ID,USR_DESC,EXC_DESC</Fields>
	</Record>	
</RecordList>