<?xml version="1.0" encoding="UTF-8"?>
<!-- @(#) $Rev: 8430 $ $Date: 2012-03-09 18:30:53 +0700 (Fri, 09 Mar 2012) $ $Author: CYBERSOFT\trungtb $ -->
<PluginConfiguration xmlns:xsi="http://www.w3.org/2001/XMLSchema-instance">
  <PluginList>
    <Plugin Name="scextractor" Processor="com.st.sc.CompliancyChecker" 
            Priority="0" PersistenceUnit="SCDB" Class="com.st.stdfparser.entity.StdfFileStatus">
      <RecordList>
        <Record>ATR</Record>
        <Record>BPS</Record>
        <Record>DTR</Record>
        <Record>EPS</Record>
        <Record>FAR</Record>
        <Record>FTR</Record>
        <Record>GDR</Record>
        <Record>HBR</Record>
        <Record>MIR</Record>
        <Record>MPR</Record>
        <Record>MRR</Record>
        <Record>PCR</Record>
        <Record>PGR</Record>
        <Record>PIR</Record>
        <Record>PLR</Record>
        <Record>PMR</Record>
        <Record>PRR</Record>
        <Record>PTR</Record>
        <Record>RDR</Record>
        <Record>SBR</Record>
        <Record>SDR</Record>
        <Record>TSR</Record>
        <Record>WCR</Record>
        <Record>WIR</Record>
        <Record>WRR</Record>
        <Record>VUR</Record>
        <Record>PSR</Record>
        <Record>STR</Record>
        <Record>NMR</Record>
        <Record>CNR</Record>
        <Record>SSR</Record>
        <Record>CDR</Record>
      </RecordList>
    </Plugin>
  </PluginList>
</PluginConfiguration>