<?xml version="1.0" encoding="UTF-8"?>
<!-- @(#) $Rev: 8280 $ $Date: 2012-02-25 14:22:32 +0700 (Sat, 25 Feb 2012) $  $Author: CYBERSOFT\trungtb $  -->
<!DOCTYPE log4j:configuration SYSTEM "log4j.dtd">
<log4j:configuration xmlns:log4j="http://jakarta.apache.org/log4j/">

    <appender name="FILE" class="org.apache.log4j.RollingFileAppender">
        <param name="File" value="logs/sc-extractor.log"/>
        <param name="Threshold" value="INFO"/>
        <param name="MaxFileSize" value="10MB"/>
        <param name="MaxBackupIndex" value="10"/>
        <param name="Encoding" value="UTF-8"/>
        <layout class="org.apache.log4j.PatternLayout">
            <param name="ConversionPattern" value="[%d{yyyy/MM/dd HH:mm:ss}] %-5p [%t] [%c{2}:%L] %m%n"/>
        </layout>
    </appender>

    <appender name="CONSOLE" class="org.apache.log4j.ConsoleAppender">
        <param name="Threshold" value="ERROR"/>
        <layout class="org.apache.log4j.PatternLayout">
            <param name="ConversionPattern" value="[%d{yyyy/MM/dd HH:mm:ss}] %-5p [%t] [%c{2}:%L] %m%n"/>
        </layout>
    </appender>

   <logger name="javax.mail">
        <level value="ERROR"/>
    </logger>
    <logger name="org.hibernate">
        <level value="ERROR"/>
    </logger>
    <logger name="org.apache">
        <level value="ERROR"/>
    </logger>
    <logger name="org.quartz">
        <level value="ERROR"/>
    </logger>
    <logger name="com.mchange">
        <level value="ERROR"/>
    </logger>

    <root>
        <level value="INFO"/>
        <!-- appender-ref ref="CONSOLE"/ -->
        <appender-ref ref="FILE"/>
    </root>
</log4j:configuration>
