<?xml version="1.0" encoding="UTF-8"?>
<!-- @(#) $Rev: 8365 $ $Date: 2012-03-05 10:08:17 +0700 (Mon, 05 Mar 2012) $  $Author: CYBERSOFT\trungtb $  -->
<!DOCTYPE properties SYSTEM "http://java.sun.com/dtd/properties.dtd">
<properties>
  <comment>SC DB Configuration</comment>
  <entry key="hibernate.connection.url">jdbc:oracle:thin:@chinhdo0857:1521:scc</entry>
  <entry key="hibernate.connection.username">sc_t2</entry>
  <entry key="hibernate.connection.password">gcsvn123</entry>
  <entry key="hibernate.connection.driver_class">oracle.jdbc.driver.OracleDriver</entry>
  <entry key="hibernate.dialect">org.hibernate.dialect.OracleDialect</entry>

  <!-- MySQL setting
  <entry key="hibernate.connection.url">jdbc:mysql://172.18.37.204/sc_c</entry>
  <entry key="hibernate.connection.username">sc_c</entry>
  <entry key="hibernate.connection.password">sc_c</entry>
  <entry key="hibernate.connection.driver_class">com.mysql.jdbc.Driver</entry>
  <entry key="hibernate.dialect">org.hibernate.dialect.MySQL5InnoDBDialect</entry>
  -->

  <entry key="hibernate.transaction.factory_class">org.hibernate.transaction.JDBCTransactionFactory</entry>
  <!-- thread is the short name for org.hibernate.context.ThreadLocalSessionContext and let Hibernate bind the session automatically to the thread -->
  <entry key="hibernate.current_session_context_class">managed</entry>
  <!-- this will show us all SQL statements -->
  <entry key="hibernate.show_sql">false</entry>

  <!-- configuration pool via c3p0 -->
  <entry key="hibernate.connection.provider_class">org.hibernate.connection.C3P0ConnectionProvider</entry>
  <entry key="hibernate.c3p0.numHelperThreads">6</entry>
  <entry key="hibernate.c3p0.acquire_increment">1</entry>
  <entry key="hibernate.c3p0.idle_test_period">100</entry>
  <entry key="hibernate.c3p0.max_size">100</entry>
  <entry key="hibernate.c3p0.max_statements">0</entry>
  <entry key="hibernate.c3p0.min_size">2</entry>
  <entry key="hibernate.c3p0.timeout">1800</entry>
  <entry key="hibernate.c3p0.acquireRetryAttempts">3</entry>
  <entry key="hibernate.c3p0.acquireRetryDelay">1000</entry>
</properties>
