<?xml version="1.0" encoding="UTF-8"?>
<!-- @(#) $Rev: 8813 $ $Date: 2012-05-26 10:50:30 +0700 (Sat, 26 May 2012) $  $Author: CYBERSOFT\nhatvn $  -->
<!--
    add mode atribute that know it is database or file.
 -->
<purge-configure xmlns:xsi="http://www.w3.org/2001/XMLSchema-instance">
    <setting-information>
        <!-- location="file" means setting of purging is defined in file, including Folder and expired date
        <setting location="file" configuration-file="scc-folders.xml" configuration-path="D:/Project/implementation/share-config/"/>
        -->
        <setting location="database" configuration-file="sccdb"/>
        <actionlog log="true" actionlog-db="sccdb"/>
    </setting-information>
    <!-- expired-time = number of days that data will be kept. This attribute is required when setting/location is "file"
        <purge type="file" name="STDF_ARCHIVE_FOLDER" expired-time="7"/>
    -->
    <purge type="file" name="STDF_ARCHIVE_FOLDER" write-csv="false"/>
    <purge type="file" name="XML_ARCHIVE_FOLDER" write-csv="false"/>
    <!-- expired-time = number of days that data will be kept. This attribute is required when setting/location is "file"
        <purge type="database" name="sccdb" expired-time="730">
    -->
    <!-- key is used to look up expired time in Database, table SETTINGS. This attribute is required when setting/location is "database"
        <purge type="database" name="sccdb" key="WAFER_CHART">
    -->
    <purge type="database" name="sccdb" key="WAFER_CHART">
        <tables>
            <table name="LOT_INFO" order="1" notify-group="1">
                <query-delete>DELETE FROM LOT_INFO
                WHERE ONLINE_STATUS = 'N' and INSERTED_TIME &lt;?               
                </query-delete>
            </table>
        </tables>
        <data-info>
            <!-- This query is used to get expired data to notify before actual deleting.
                The result might be stored to CSV file or send via mail -->
            <data-query group-id="1">SELECT DISTINCT li.DIE_CODE,li.LOT_CODE 
            FROM LOT_INFO li 
            WHERE li.ONLINE_STATUS = 'N' and li.INSERTED_TIME &lt;:exprired_time
            </data-query>
        </data-info>
    </purge>
    <purge type="database" name="sccdb" key="TEMP_MAPS">
        <tables>
            <table name="WAFER_MAP" order="1">
                <query-delete>DELETE FROM WAFER_MAP WHERE UPDATED_ON &lt;?     </query-delete>
            </table>
        </tables>
    </purge>
    <purge type="database" name="sccdb" key="CHANGE_HISTORY">
        <tables>
            <table name="USABILITY_TRACKING" order="1">
                <query-delete>DELETE FROM USABILITY_TRACKING WHERE UPDATED_ON &lt;?</query-delete>
            </table>
        </tables>
    </purge>
    <purge type="database" name="sccdb" key="FILE_STS">
        <tables>
            <table name="STDF_FILE_STATUS" order="1">
                <!--type is timestamp or long but not both -->
                <query-delete>DELETE FROM STDF_FILE_STATUS WHERE UPDATED_ON &lt;?</query-delete>
            </table>
            <table name="XML_FILE_STATUS" order="2">
                <!--type is timestamp or long but not both -->
                <query-delete>DELETE FROM XML_FILE_STATUS WHERE UPDATED_ON &lt;?</query-delete>
            </table>
        </tables>
    </purge>
    <!-- purge-schedule is required when setting/location is "file". It contains following child node:
        - start-time:
            time start for running (unit is 24h:mm:ss) default is 00:00:00
            if interval-time=minutes or hours, don't need to set start-time
            if interval-time=days, start-time="11:00:00", format="24h:mm:ss"
        - interval-time:
            Time for run. Unit is minutes or hours or days.
    e.g.:
    <purge-schedule>
        <start-time>23:59:59</start-time>
        <interval-time unit="days">1</interval-time>
    </purge-schedule>
    -->
</purge-configure>
