<?xml version="1.0" encoding="UTF-8"?>
<!-- @(#) $Rev: 7928 $ $Date: 2012-01-17 17:19:33 +0700 (Tue, 17 Jan 2012) $  $Author: CYBERSOFT\nghiatn $  -->
<!-- 
    add mode atribute that know it is database or file.	
 -->
<purge-configure>	
	<setting-information>
		<setting location="database" configuration-file="umdb" />
		<actionlog log="true" actionlog-db="umdb"/>
	</setting-information>
 	<purge type="database" name="umdb">
		<tables>
			<table name="USABILITY_TRACKING" order="2" notify-group="1">
				<query-delete>DELETE FROM USABILITY_TRACKING WHERE UPDATED_ON &lt;?</query-delete>
			</table>			
		</tables>
	</purge>
</purge-configure>
