<?xml version="1.0" encoding="UTF-8"?>
<!-- @(#) $Rev: 8622 $ $Date: 2012-04-10 18:10:54 +0700 (Tue, 10 Apr 2012) $  $Author: CYBERSOFT\nhatvn $  -->
<!-- 
    add mode atribute that know it is database or file.	
 -->
<purge-configure>	
	<setting-information>
		<!-- if location="database", Purge will load all purging configuration from DB as well as log all actions to that db -->
		<setting location="database" configuration-file="scdb" />
		<actionlog log="true" actionlog-db="scdb"/>
	</setting-information>

	<!-- expired-time is. unit is minutes or hours or days or months or years. -->
	<purge type="file" name="STDF_ARCHIVE_FOLDER" write-csv="false" />	
	<purge type="folder" name="FAIL_VALUES_FOLDER" write-csv="false" />
 	<purge type="database" name="scdb" key="COMPLIANCY_RESULT">
		<tables>
    <!-- notify-group indicate that data in this table is notified before actual deleting  
			<table name="COMPLIANCY_RESULT" order="3" notify-group="1">
    -->
            <table name="COMPLIANCY_RESULT" order="3" >
				<!--type is timestamp or long but not both -->
				<query-delete>DELETE FROM COMPLIANCY_RESULT WHERE CHECKING_TIME &lt;?</query-delete>
			</table>
			
		</tables>
    <!-- This query is used to get expired data to notify before actual deleting. 
        The result might be stored to CSV file or send via mail 
		<data-info>
			
			<data-query group-id="1"> SELECT DISTINCT cr.FILE_NAME, cr.CHECKING_TIME
				FROM COMPLIANCY_RESULT cr WHERE cr.CHECKING_TIME &lt;:exprired_time
			</data-query>
		</data-info>
    -->
	</purge>
  
  <purge type="database" name="scdb" key="FILE_STS" >
    <tables>
      <table name="STDF_FILE_STATUS" order="1">
        <query-delete>DELETE FROM STDF_FILE_STATUS WHERE UPDATED_ON &lt;?</query-delete>
      </table>     
    </tables>
   </purge>
  <purge type="database" name="scdb" key="CHANGE_HISTORY" >
    <tables>
      <table name="USABILITY_TRACKING" order="1">
       <query-delete>DELETE FROM USABILITY_TRACKING WHERE UPDATED_ON &lt;?</query-delete>
      </table>     
    </tables>
   </purge>
  <purge type="database" name="scdb" key="OFFLINE_REPORT" >
    <tables>
      <table name="OFFLINE_REPORT" order="1">
       <query-delete>DELETE FROM OFFLINE_REPORT WHERE REPORT_TIME &lt;?</query-delete>
      </table>     
    </tables>
   </purge>    
    
</purge-configure>
