<?xml version="1.0" encoding="UTF-8"?>
<!-- @(#) $Rev: 8676 $ $Date: 2012-04-20 20:55:21 +0700 (Fri, 20 Apr 2012) $  $Author: CYBERSOFT\nhatvn $  -->
<!DOCTYPE properties SYSTEM "http://java.sun.com/dtd/properties.dtd">
<properties>
  <comment>UM DB Configuration</comment>
  <entry key="hibernate.connection.url">jdbc:oracle:thin:@172.16.5.84:1521:xe</entry>
  <entry key="hibernate.connection.username">sc_nghia</entry>
  <entry key="hibernate.connection.password">123456</entry>
  <entry key="hibernate.connection.driver_class">oracle.jdbc.driver.OracleDriver</entry>
  <entry key="hibernate.dialect">org.hibernate.dialect.OracleDialect</entry>

    <!-- MySQL setting
  <entry key="hibernate.connection.url">jdbc:mysql://172.18.37.204/um_c</entry>
  <entry key="hibernate.connection.username">um_c</entry>
  <entry key="hibernate.connection.password">um_c</entry>
  <entry key="hibernate.connection.driver_class">com.mysql.jdbc.Driver</entry>
  <entry key="hibernate.dialect">org.hibernate.dialect.MySQL5InnoDBDialect</entry>
  -->

  <entry key="hibernate.transaction.factory_class">org.hibernate.transaction.JDBCTransactionFactory</entry>
  <!-- thread is the short name for org.hibernate.context.ThreadLocalSessionContext and let Hibernate bind the session automatically to the thread -->
  <entry key="hibernate.current_session_context_class">managed</entry>
  <!-- this crll show us all SQL statements -->
  <entry key="hibernate.show_sql">false</entry>

  <!-- configuration pool via c3p0 -->
  <entry key="hibernate.connection.provider_class">org.hibernate.connection.C3P0ConnectionProvider</entry>
  <entry key="hibernate.c3p0.numHelperThreads">6</entry>
  <entry key="hibernate.c3p0.acquire_increment">1</entry>
  <entry key="hibernate.c3p0.idle_test_period">100</entry>
  <entry key="hibernate.c3p0.max_size">10</entry>
  <entry key="hibernate.c3p0.max_statements">0</entry>
  <entry key="hibernate.c3p0.min_size">2</entry>
  <entry key="hibernate.c3p0.timeout">1800</entry>
  <entry key="hibernate.c3p0.acquireRetryAttempts">3</entry>
  <entry key="hibernate.c3p0.acquireRetryDelay">1000</entry>
</properties>

